x,y
12.3209357495,45.5809267176
12.3209357495,45.60269984195714
12.3209357495,45.624472966314286
12.3209357495,45.646246090671426
12.3209357495,45.66801921502857
12.3209357495,45.68979233938571
12.3209357495,45.71156546374286
12.3209357495,45.7333385881
12.3209357495,45.75511171245714
12.3209357495,45.77688483681428
12.3209357495,45.79865796117143
12.3209357495,45.82043108552857
12.3209357495,45.842204209885715
12.3209357495,45.863977334242854
12.3209357495,45.8857504586
12.3209357495,45.90752358295714
12.3209357495,45.929296707314286
12.3209357495,45.951069831671425
12.3209357495,45.97284295602857
12.3209357495,45.99461608038571
12.3209357495,46.01638920474286
12.3209357495,46.0381623291
12.3209357495,46.05993545345714
12.3209357495,46.08170857781428
12.3209357495,46.10348170217143
12.3209357495,46.12525482652857
12.3209357495,46.147027950885715
12.3209357495,46.168801075242854
12.3209357495,46.1905741996
12.3209357495,46.21234732395714
12.3209357495,46.234120448314286
12.3209357495,46.255893572671425
12.3209357495,46.27766669702857
12.3209357495,46.29943982138571
12.3209357495,46.32121294574286
12.3209357495,46.3429860701
12.3209357495,46.36475919445714
12.3209357495,46.38653231881428
12.3209357495,46.40830544317143
12.3209357495,46.43007856752857
12.3209357495,46.451851691885715
12.3209357495,46.473624816242854
12.3209357495,46.4953979406
12.3209357495,46.51717106495714
12.3209357495,46.538944189314286
12.3209357495,46.560717313671425
12.3209357495,46.58249043802857
12.3209357495,46.60426356238571
12.3209357495,46.62603668674285
12.3209357495,46.6478098111
12.353546307606123,45.5809267176
12.353546307606123,45.60269984195714
12.353546307606123,45.624472966314286
12.353546307606123,45.646246090671426
12.353546307606123,45.66801921502857
12.353546307606123,45.68979233938571
12.353546307606123,45.71156546374286
12.353546307606123,45.7333385881
12.353546307606123,45.75511171245714
12.353546307606123,45.77688483681428
12.353546307606123,45.79865796117143
12.353546307606123,45.82043108552857
12.353546307606123,45.842204209885715
12.353546307606123,45.863977334242854
12.353546307606123,45.8857504586
12.353546307606123,45.90752358295714
12.353546307606123,45.929296707314286
12.353546307606123,45.951069831671425
12.353546307606123,45.97284295602857
12.353546307606123,45.99461608038571
12.353546307606123,46.01638920474286
12.353546307606123,46.0381623291
12.353546307606123,46.05993545345714
12.353546307606123,46.08170857781428
12.353546307606123,46.10348170217143
12.353546307606123,46.12525482652857
12.353546307606123,46.147027950885715
12.353546307606123,46.168801075242854
12.353546307606123,46.1905741996
12.353546307606123,46.21234732395714
12.353546307606123,46.234120448314286
12.353546307606123,46.255893572671425
12.353546307606123,46.27766669702857
12.353546307606123,46.29943982138571
12.353546307606123,46.32121294574286
12.353546307606123,46.3429860701
12.353546307606123,46.36475919445714
12.353546307606123,46.38653231881428
12.353546307606123,46.40830544317143
12.353546307606123,46.43007856752857
12.353546307606123,46.451851691885715
12.353546307606123,46.473624816242854
12.353546307606123,46.4953979406
12.353546307606123,46.51717106495714
12.353546307606123,46.538944189314286
12.353546307606123,46.560717313671425
12.353546307606123,46.58249043802857
12.353546307606123,46.60426356238571
12.353546307606123,46.62603668674285
12.353546307606123,46.6478098111
12.386156865712245,45.5809267176
12.386156865712245,45.60269984195714
12.386156865712245,45.624472966314286
12.386156865712245,45.646246090671426
12.386156865712245,45.66801921502857
12.386156865712245,45.68979233938571
12.386156865712245,45.71156546374286
12.386156865712245,45.7333385881
12.386156865712245,45.75511171245714
12.386156865712245,45.77688483681428
12.386156865712245,45.79865796117143
12.386156865712245,45.82043108552857
12.386156865712245,45.842204209885715
12.386156865712245,45.863977334242854
12.386156865712245,45.8857504586
12.386156865712245,45.90752358295714
12.386156865712245,45.929296707314286
12.386156865712245,45.951069831671425
12.386156865712245,45.97284295602857
12.386156865712245,45.99461608038571
12.386156865712245,46.01638920474286
12.386156865712245,46.0381623291
12.386156865712245,46.05993545345714
12.386156865712245,46.08170857781428
12.386156865712245,46.10348170217143
12.386156865712245,46.12525482652857
12.386156865712245,46.147027950885715
12.386156865712245,46.168801075242854
12.386156865712245,46.1905741996
12.386156865712245,46.21234732395714
12.386156865712245,46.234120448314286
12.386156865712245,46.255893572671425
12.386156865712245,46.27766669702857
12.386156865712245,46.29943982138571
12.386156865712245,46.32121294574286
12.386156865712245,46.3429860701
12.386156865712245,46.36475919445714
12.386156865712245,46.38653231881428
12.386156865712245,46.40830544317143
12.386156865712245,46.43007856752857
12.386156865712245,46.451851691885715
12.386156865712245,46.473624816242854
12.386156865712245,46.4953979406
12.386156865712245,46.51717106495714
12.386156865712245,46.538944189314286
12.386156865712245,46.560717313671425
12.386156865712245,46.58249043802857
12.386156865712245,46.60426356238571
12.386156865712245,46.62603668674285
12.386156865712245,46.6478098111
12.418767423818368,45.5809267176
12.418767423818368,45.60269984195714
12.418767423818368,45.624472966314286
12.418767423818368,45.646246090671426
12.418767423818368,45.66801921502857
12.418767423818368,45.68979233938571
12.418767423818368,45.71156546374286
12.418767423818368,45.7333385881
12.418767423818368,45.75511171245714
12.418767423818368,45.77688483681428
12.418767423818368,45.79865796117143
12.418767423818368,45.82043108552857
12.418767423818368,45.842204209885715
12.418767423818368,45.863977334242854
12.418767423818368,45.8857504586
12.418767423818368,45.90752358295714
12.418767423818368,45.929296707314286
12.418767423818368,45.951069831671425
12.418767423818368,45.97284295602857
12.418767423818368,45.99461608038571
12.418767423818368,46.01638920474286
12.418767423818368,46.0381623291
12.418767423818368,46.05993545345714
12.418767423818368,46.08170857781428
12.418767423818368,46.10348170217143
12.418767423818368,46.12525482652857
12.418767423818368,46.147027950885715
12.418767423818368,46.168801075242854
12.418767423818368,46.1905741996
12.418767423818368,46.21234732395714
12.418767423818368,46.234120448314286
12.418767423818368,46.255893572671425
12.418767423818368,46.27766669702857
12.418767423818368,46.29943982138571
12.418767423818368,46.32121294574286
12.418767423818368,46.3429860701
12.418767423818368,46.36475919445714
12.418767423818368,46.38653231881428
12.418767423818368,46.40830544317143
12.418767423818368,46.43007856752857
12.418767423818368,46.451851691885715
12.418767423818368,46.473624816242854
12.418767423818368,46.4953979406
12.418767423818368,46.51717106495714
12.418767423818368,46.538944189314286
12.418767423818368,46.560717313671425
12.418767423818368,46.58249043802857
12.418767423818368,46.60426356238571
12.418767423818368,46.62603668674285
12.418767423818368,46.6478098111
12.45137798192449,45.5809267176
12.45137798192449,45.60269984195714
12.45137798192449,45.624472966314286
12.45137798192449,45.646246090671426
12.45137798192449,45.66801921502857
12.45137798192449,45.68979233938571
12.45137798192449,45.71156546374286
12.45137798192449,45.7333385881
12.45137798192449,45.75511171245714
12.45137798192449,45.77688483681428
12.45137798192449,45.79865796117143
12.45137798192449,45.82043108552857
12.45137798192449,45.842204209885715
12.45137798192449,45.863977334242854
12.45137798192449,45.8857504586
12.45137798192449,45.90752358295714
12.45137798192449,45.929296707314286
12.45137798192449,45.951069831671425
12.45137798192449,45.97284295602857
12.45137798192449,45.99461608038571
12.45137798192449,46.01638920474286
12.45137798192449,46.0381623291
12.45137798192449,46.05993545345714
12.45137798192449,46.08170857781428
12.45137798192449,46.10348170217143
12.45137798192449,46.12525482652857
12.45137798192449,46.147027950885715
12.45137798192449,46.168801075242854
12.45137798192449,46.1905741996
12.45137798192449,46.21234732395714
12.45137798192449,46.234120448314286
12.45137798192449,46.255893572671425
12.45137798192449,46.27766669702857
12.45137798192449,46.29943982138571
12.45137798192449,46.32121294574286
12.45137798192449,46.3429860701
12.45137798192449,46.36475919445714
12.45137798192449,46.38653231881428
12.45137798192449,46.40830544317143
12.45137798192449,46.43007856752857
12.45137798192449,46.451851691885715
12.45137798192449,46.473624816242854
12.45137798192449,46.4953979406
12.45137798192449,46.51717106495714
12.45137798192449,46.538944189314286
12.45137798192449,46.560717313671425
12.45137798192449,46.58249043802857
12.45137798192449,46.60426356238571
12.45137798192449,46.62603668674285
12.45137798192449,46.6478098111
12.483988540030612,45.5809267176
12.483988540030612,45.60269984195714
12.483988540030612,45.624472966314286
12.483988540030612,45.646246090671426
12.483988540030612,45.66801921502857
12.483988540030612,45.68979233938571
12.483988540030612,45.71156546374286
12.483988540030612,45.7333385881
12.483988540030612,45.75511171245714
12.483988540030612,45.77688483681428
12.483988540030612,45.79865796117143
12.483988540030612,45.82043108552857
12.483988540030612,45.842204209885715
12.483988540030612,45.863977334242854
12.483988540030612,45.8857504586
12.483988540030612,45.90752358295714
12.483988540030612,45.929296707314286
12.483988540030612,45.951069831671425
12.483988540030612,45.97284295602857
12.483988540030612,45.99461608038571
12.483988540030612,46.01638920474286
12.483988540030612,46.0381623291
12.483988540030612,46.05993545345714
12.483988540030612,46.08170857781428
12.483988540030612,46.10348170217143
12.483988540030612,46.12525482652857
12.483988540030612,46.147027950885715
12.483988540030612,46.168801075242854
12.483988540030612,46.1905741996
12.483988540030612,46.21234732395714
12.483988540030612,46.234120448314286
12.483988540030612,46.255893572671425
12.483988540030612,46.27766669702857
12.483988540030612,46.29943982138571
12.483988540030612,46.32121294574286
12.483988540030612,46.3429860701
12.483988540030612,46.36475919445714
12.483988540030612,46.38653231881428
12.483988540030612,46.40830544317143
12.483988540030612,46.43007856752857
12.483988540030612,46.451851691885715
12.483988540030612,46.473624816242854
12.483988540030612,46.4953979406
12.483988540030612,46.51717106495714
12.483988540030612,46.538944189314286
12.483988540030612,46.560717313671425
12.483988540030612,46.58249043802857
12.483988540030612,46.60426356238571
12.483988540030612,46.62603668674285
12.483988540030612,46.6478098111
12.516599098136735,45.5809267176
12.516599098136735,45.60269984195714
12.516599098136735,45.624472966314286
12.516599098136735,45.646246090671426
12.516599098136735,45.66801921502857
12.516599098136735,45.68979233938571
12.516599098136735,45.71156546374286
12.516599098136735,45.7333385881
12.516599098136735,45.75511171245714
12.516599098136735,45.77688483681428
12.516599098136735,45.79865796117143
12.516599098136735,45.82043108552857
12.516599098136735,45.842204209885715
12.516599098136735,45.863977334242854
12.516599098136735,45.8857504586
12.516599098136735,45.90752358295714
12.516599098136735,45.929296707314286
12.516599098136735,45.951069831671425
12.516599098136735,45.97284295602857
12.516599098136735,45.99461608038571
12.516599098136735,46.01638920474286
12.516599098136735,46.0381623291
12.516599098136735,46.05993545345714
12.516599098136735,46.08170857781428
12.516599098136735,46.10348170217143
12.516599098136735,46.12525482652857
12.516599098136735,46.147027950885715
12.516599098136735,46.168801075242854
12.516599098136735,46.1905741996
12.516599098136735,46.21234732395714
12.516599098136735,46.234120448314286
12.516599098136735,46.255893572671425
12.516599098136735,46.27766669702857
12.516599098136735,46.29943982138571
12.516599098136735,46.32121294574286
12.516599098136735,46.3429860701
12.516599098136735,46.36475919445714
12.516599098136735,46.38653231881428
12.516599098136735,46.40830544317143
12.516599098136735,46.43007856752857
12.516599098136735,46.451851691885715
12.516599098136735,46.473624816242854
12.516599098136735,46.4953979406
12.516599098136735,46.51717106495714
12.516599098136735,46.538944189314286
12.516599098136735,46.560717313671425
12.516599098136735,46.58249043802857
12.516599098136735,46.60426356238571
12.516599098136735,46.62603668674285
12.516599098136735,46.6478098111
12.549209656242857,45.5809267176
12.549209656242857,45.60269984195714
12.549209656242857,45.624472966314286
12.549209656242857,45.646246090671426
12.549209656242857,45.66801921502857
12.549209656242857,45.68979233938571
12.549209656242857,45.71156546374286
12.549209656242857,45.7333385881
12.549209656242857,45.75511171245714
12.549209656242857,45.77688483681428
12.549209656242857,45.79865796117143
12.549209656242857,45.82043108552857
12.549209656242857,45.842204209885715
12.549209656242857,45.863977334242854
12.549209656242857,45.8857504586
12.549209656242857,45.90752358295714
12.549209656242857,45.929296707314286
12.549209656242857,45.951069831671425
12.549209656242857,45.97284295602857
12.549209656242857,45.99461608038571
12.549209656242857,46.01638920474286
12.549209656242857,46.0381623291
12.549209656242857,46.05993545345714
12.549209656242857,46.08170857781428
12.549209656242857,46.10348170217143
12.549209656242857,46.12525482652857
12.549209656242857,46.147027950885715
12.549209656242857,46.168801075242854
12.549209656242857,46.1905741996
12.549209656242857,46.21234732395714
12.549209656242857,46.234120448314286
12.549209656242857,46.255893572671425
12.549209656242857,46.27766669702857
12.549209656242857,46.29943982138571
12.549209656242857,46.32121294574286
12.549209656242857,46.3429860701
12.549209656242857,46.36475919445714
12.549209656242857,46.38653231881428
12.549209656242857,46.40830544317143
12.549209656242857,46.43007856752857
12.549209656242857,46.451851691885715
12.549209656242857,46.473624816242854
12.549209656242857,46.4953979406
12.549209656242857,46.51717106495714
12.549209656242857,46.538944189314286
12.549209656242857,46.560717313671425
12.549209656242857,46.58249043802857
12.549209656242857,46.60426356238571
12.549209656242857,46.62603668674285
12.549209656242857,46.6478098111
12.58182021434898,45.5809267176
12.58182021434898,45.60269984195714
12.58182021434898,45.624472966314286
12.58182021434898,45.646246090671426
12.58182021434898,45.66801921502857
12.58182021434898,45.68979233938571
12.58182021434898,45.71156546374286
12.58182021434898,45.7333385881
12.58182021434898,45.75511171245714
12.58182021434898,45.77688483681428
12.58182021434898,45.79865796117143
12.58182021434898,45.82043108552857
12.58182021434898,45.842204209885715
12.58182021434898,45.863977334242854
12.58182021434898,45.8857504586
12.58182021434898,45.90752358295714
12.58182021434898,45.929296707314286
12.58182021434898,45.951069831671425
12.58182021434898,45.97284295602857
12.58182021434898,45.99461608038571
12.58182021434898,46.01638920474286
12.58182021434898,46.0381623291
12.58182021434898,46.05993545345714
12.58182021434898,46.08170857781428
12.58182021434898,46.10348170217143
12.58182021434898,46.12525482652857
12.58182021434898,46.147027950885715
12.58182021434898,46.168801075242854
12.58182021434898,46.1905741996
12.58182021434898,46.21234732395714
12.58182021434898,46.234120448314286
12.58182021434898,46.255893572671425
12.58182021434898,46.27766669702857
12.58182021434898,46.29943982138571
12.58182021434898,46.32121294574286
12.58182021434898,46.3429860701
12.58182021434898,46.36475919445714
12.58182021434898,46.38653231881428
12.58182021434898,46.40830544317143
12.58182021434898,46.43007856752857
12.58182021434898,46.451851691885715
12.58182021434898,46.473624816242854
12.58182021434898,46.4953979406
12.58182021434898,46.51717106495714
12.58182021434898,46.538944189314286
12.58182021434898,46.560717313671425
12.58182021434898,46.58249043802857
12.58182021434898,46.60426356238571
12.58182021434898,46.62603668674285
12.58182021434898,46.6478098111
12.614430772455103,45.5809267176
12.614430772455103,45.60269984195714
12.614430772455103,45.624472966314286
12.614430772455103,45.646246090671426
12.614430772455103,45.66801921502857
12.614430772455103,45.68979233938571
12.614430772455103,45.71156546374286
12.614430772455103,45.7333385881
12.614430772455103,45.75511171245714
12.614430772455103,45.77688483681428
12.614430772455103,45.79865796117143
12.614430772455103,45.82043108552857
12.614430772455103,45.842204209885715
12.614430772455103,45.863977334242854
12.614430772455103,45.8857504586
12.614430772455103,45.90752358295714
12.614430772455103,45.929296707314286
12.614430772455103,45.951069831671425
12.614430772455103,45.97284295602857
12.614430772455103,45.99461608038571
12.614430772455103,46.01638920474286
12.614430772455103,46.0381623291
12.614430772455103,46.05993545345714
12.614430772455103,46.08170857781428
12.614430772455103,46.10348170217143
12.614430772455103,46.12525482652857
12.614430772455103,46.147027950885715
12.614430772455103,46.168801075242854
12.614430772455103,46.1905741996
12.614430772455103,46.21234732395714
12.614430772455103,46.234120448314286
12.614430772455103,46.255893572671425
12.614430772455103,46.27766669702857
12.614430772455103,46.29943982138571
12.614430772455103,46.32121294574286
12.614430772455103,46.3429860701
12.614430772455103,46.36475919445714
12.614430772455103,46.38653231881428
12.614430772455103,46.40830544317143
12.614430772455103,46.43007856752857
12.614430772455103,46.451851691885715
12.614430772455103,46.473624816242854
12.614430772455103,46.4953979406
12.614430772455103,46.51717106495714
12.614430772455103,46.538944189314286
12.614430772455103,46.560717313671425
12.614430772455103,46.58249043802857
12.614430772455103,46.60426356238571
12.614430772455103,46.62603668674285
12.614430772455103,46.6478098111
12.647041330561224,45.5809267176
12.647041330561224,45.60269984195714
12.647041330561224,45.624472966314286
12.647041330561224,45.646246090671426
12.647041330561224,45.66801921502857
12.647041330561224,45.68979233938571
12.647041330561224,45.71156546374286
12.647041330561224,45.7333385881
12.647041330561224,45.75511171245714
12.647041330561224,45.77688483681428
12.647041330561224,45.79865796117143
12.647041330561224,45.82043108552857
12.647041330561224,45.842204209885715
12.647041330561224,45.863977334242854
12.647041330561224,45.8857504586
12.647041330561224,45.90752358295714
12.647041330561224,45.929296707314286
12.647041330561224,45.951069831671425
12.647041330561224,45.97284295602857
12.647041330561224,45.99461608038571
12.647041330561224,46.01638920474286
12.647041330561224,46.0381623291
12.647041330561224,46.05993545345714
12.647041330561224,46.08170857781428
12.647041330561224,46.10348170217143
12.647041330561224,46.12525482652857
12.647041330561224,46.147027950885715
12.647041330561224,46.168801075242854
12.647041330561224,46.1905741996
12.647041330561224,46.21234732395714
12.647041330561224,46.234120448314286
12.647041330561224,46.255893572671425
12.647041330561224,46.27766669702857
12.647041330561224,46.29943982138571
12.647041330561224,46.32121294574286
12.647041330561224,46.3429860701
12.647041330561224,46.36475919445714
12.647041330561224,46.38653231881428
12.647041330561224,46.40830544317143
12.647041330561224,46.43007856752857
12.647041330561224,46.451851691885715
12.647041330561224,46.473624816242854
12.647041330561224,46.4953979406
12.647041330561224,46.51717106495714
12.647041330561224,46.538944189314286
12.647041330561224,46.560717313671425
12.647041330561224,46.58249043802857
12.647041330561224,46.60426356238571
12.647041330561224,46.62603668674285
12.647041330561224,46.6478098111
12.679651888667347,45.5809267176
12.679651888667347,45.60269984195714
12.679651888667347,45.624472966314286
12.679651888667347,45.646246090671426
12.679651888667347,45.66801921502857
12.679651888667347,45.68979233938571
12.679651888667347,45.71156546374286
12.679651888667347,45.7333385881
12.679651888667347,45.75511171245714
12.679651888667347,45.77688483681428
12.679651888667347,45.79865796117143
12.679651888667347,45.82043108552857
12.679651888667347,45.842204209885715
12.679651888667347,45.863977334242854
12.679651888667347,45.8857504586
12.679651888667347,45.90752358295714
12.679651888667347,45.929296707314286
12.679651888667347,45.951069831671425
12.679651888667347,45.97284295602857
12.679651888667347,45.99461608038571
12.679651888667347,46.01638920474286
12.679651888667347,46.0381623291
12.679651888667347,46.05993545345714
12.679651888667347,46.08170857781428
12.679651888667347,46.10348170217143
12.679651888667347,46.12525482652857
12.679651888667347,46.147027950885715
12.679651888667347,46.168801075242854
12.679651888667347,46.1905741996
12.679651888667347,46.21234732395714
12.679651888667347,46.234120448314286
12.679651888667347,46.255893572671425
12.679651888667347,46.27766669702857
12.679651888667347,46.29943982138571
12.679651888667347,46.32121294574286
12.679651888667347,46.3429860701
12.679651888667347,46.36475919445714
12.679651888667347,46.38653231881428
12.679651888667347,46.40830544317143
12.679651888667347,46.43007856752857
12.679651888667347,46.451851691885715
12.679651888667347,46.473624816242854
12.679651888667347,46.4953979406
12.679651888667347,46.51717106495714
12.679651888667347,46.538944189314286
12.679651888667347,46.560717313671425
12.679651888667347,46.58249043802857
12.679651888667347,46.60426356238571
12.679651888667347,46.62603668674285
12.679651888667347,46.6478098111
12.712262446773469,45.5809267176
12.712262446773469,45.60269984195714
12.712262446773469,45.624472966314286
12.712262446773469,45.646246090671426
12.712262446773469,45.66801921502857
12.712262446773469,45.68979233938571
12.712262446773469,45.71156546374286
12.712262446773469,45.7333385881
12.712262446773469,45.75511171245714
12.712262446773469,45.77688483681428
12.712262446773469,45.79865796117143
12.712262446773469,45.82043108552857
12.712262446773469,45.842204209885715
12.712262446773469,45.863977334242854
12.712262446773469,45.8857504586
12.712262446773469,45.90752358295714
12.712262446773469,45.929296707314286
12.712262446773469,45.951069831671425
12.712262446773469,45.97284295602857
12.712262446773469,45.99461608038571
12.712262446773469,46.01638920474286
12.712262446773469,46.0381623291
12.712262446773469,46.05993545345714
12.712262446773469,46.08170857781428
12.712262446773469,46.10348170217143
12.712262446773469,46.12525482652857
12.712262446773469,46.147027950885715
12.712262446773469,46.168801075242854
12.712262446773469,46.1905741996
12.712262446773469,46.21234732395714
12.712262446773469,46.234120448314286
12.712262446773469,46.255893572671425
12.712262446773469,46.27766669702857
12.712262446773469,46.29943982138571
12.712262446773469,46.32121294574286
12.712262446773469,46.3429860701
12.712262446773469,46.36475919445714
12.712262446773469,46.38653231881428
12.712262446773469,46.40830544317143
12.712262446773469,46.43007856752857
12.712262446773469,46.451851691885715
12.712262446773469,46.473624816242854
12.712262446773469,46.4953979406
12.712262446773469,46.51717106495714
12.712262446773469,46.538944189314286
12.712262446773469,46.560717313671425
12.712262446773469,46.58249043802857
12.712262446773469,46.60426356238571
12.712262446773469,46.62603668674285
12.712262446773469,46.6478098111
12.744873004879592,45.5809267176
12.744873004879592,45.60269984195714
12.744873004879592,45.624472966314286
12.744873004879592,45.646246090671426
12.744873004879592,45.66801921502857
12.744873004879592,45.68979233938571
12.744873004879592,45.71156546374286
12.744873004879592,45.7333385881
12.744873004879592,45.75511171245714
12.744873004879592,45.77688483681428
12.744873004879592,45.79865796117143
12.744873004879592,45.82043108552857
12.744873004879592,45.842204209885715
12.744873004879592,45.863977334242854
12.744873004879592,45.8857504586
12.744873004879592,45.90752358295714
12.744873004879592,45.929296707314286
12.744873004879592,45.951069831671425
12.744873004879592,45.97284295602857
12.744873004879592,45.99461608038571
12.744873004879592,46.01638920474286
12.744873004879592,46.0381623291
12.744873004879592,46.05993545345714
12.744873004879592,46.08170857781428
12.744873004879592,46.10348170217143
12.744873004879592,46.12525482652857
12.744873004879592,46.147027950885715
12.744873004879592,46.168801075242854
12.744873004879592,46.1905741996
12.744873004879592,46.21234732395714
12.744873004879592,46.234120448314286
12.744873004879592,46.255893572671425
12.744873004879592,46.27766669702857
12.744873004879592,46.29943982138571
12.744873004879592,46.32121294574286
12.744873004879592,46.3429860701
12.744873004879592,46.36475919445714
12.744873004879592,46.38653231881428
12.744873004879592,46.40830544317143
12.744873004879592,46.43007856752857
12.744873004879592,46.451851691885715
12.744873004879592,46.473624816242854
12.744873004879592,46.4953979406
12.744873004879592,46.51717106495714
12.744873004879592,46.538944189314286
12.744873004879592,46.560717313671425
12.744873004879592,46.58249043802857
12.744873004879592,46.60426356238571
12.744873004879592,46.62603668674285
12.744873004879592,46.6478098111
12.777483562985715,45.5809267176
12.777483562985715,45.60269984195714
12.777483562985715,45.624472966314286
12.777483562985715,45.646246090671426
12.777483562985715,45.66801921502857
12.777483562985715,45.68979233938571
12.777483562985715,45.71156546374286
12.777483562985715,45.7333385881
12.777483562985715,45.75511171245714
12.777483562985715,45.77688483681428
12.777483562985715,45.79865796117143
12.777483562985715,45.82043108552857
12.777483562985715,45.842204209885715
12.777483562985715,45.863977334242854
12.777483562985715,45.8857504586
12.777483562985715,45.90752358295714
12.777483562985715,45.929296707314286
12.777483562985715,45.951069831671425
12.777483562985715,45.97284295602857
12.777483562985715,45.99461608038571
12.777483562985715,46.01638920474286
12.777483562985715,46.0381623291
12.777483562985715,46.05993545345714
12.777483562985715,46.08170857781428
12.777483562985715,46.10348170217143
12.777483562985715,46.12525482652857
12.777483562985715,46.147027950885715
12.777483562985715,46.168801075242854
12.777483562985715,46.1905741996
12.777483562985715,46.21234732395714
12.777483562985715,46.234120448314286
12.777483562985715,46.255893572671425
12.777483562985715,46.27766669702857
12.777483562985715,46.29943982138571
12.777483562985715,46.32121294574286
12.777483562985715,46.3429860701
12.777483562985715,46.36475919445714
12.777483562985715,46.38653231881428
12.777483562985715,46.40830544317143
12.777483562985715,46.43007856752857
12.777483562985715,46.451851691885715
12.777483562985715,46.473624816242854
12.777483562985715,46.4953979406
12.777483562985715,46.51717106495714
12.777483562985715,46.538944189314286
12.777483562985715,46.560717313671425
12.777483562985715,46.58249043802857
12.777483562985715,46.60426356238571
12.777483562985715,46.62603668674285
12.777483562985715,46.6478098111
12.810094121091836,45.5809267176
12.810094121091836,45.60269984195714
12.810094121091836,45.624472966314286
12.810094121091836,45.646246090671426
12.810094121091836,45.66801921502857
12.810094121091836,45.68979233938571
12.810094121091836,45.71156546374286
12.810094121091836,45.7333385881
12.810094121091836,45.75511171245714
12.810094121091836,45.77688483681428
12.810094121091836,45.79865796117143
12.810094121091836,45.82043108552857
12.810094121091836,45.842204209885715
12.810094121091836,45.863977334242854
12.810094121091836,45.8857504586
12.810094121091836,45.90752358295714
12.810094121091836,45.929296707314286
12.810094121091836,45.951069831671425
12.810094121091836,45.97284295602857
12.810094121091836,45.99461608038571
12.810094121091836,46.01638920474286
12.810094121091836,46.0381623291
12.810094121091836,46.05993545345714
12.810094121091836,46.08170857781428
12.810094121091836,46.10348170217143
12.810094121091836,46.12525482652857
12.810094121091836,46.147027950885715
12.810094121091836,46.168801075242854
12.810094121091836,46.1905741996
12.810094121091836,46.21234732395714
12.810094121091836,46.234120448314286
12.810094121091836,46.255893572671425
12.810094121091836,46.27766669702857
12.810094121091836,46.29943982138571
12.810094121091836,46.32121294574286
12.810094121091836,46.3429860701
12.810094121091836,46.36475919445714
12.810094121091836,46.38653231881428
12.810094121091836,46.40830544317143
12.810094121091836,46.43007856752857
12.810094121091836,46.451851691885715
12.810094121091836,46.473624816242854
12.810094121091836,46.4953979406
12.810094121091836,46.51717106495714
12.810094121091836,46.538944189314286
12.810094121091836,46.560717313671425
12.810094121091836,46.58249043802857
12.810094121091836,46.60426356238571
12.810094121091836,46.62603668674285
12.810094121091836,46.6478098111
12.84270467919796,45.5809267176
12.84270467919796,45.60269984195714
12.84270467919796,45.624472966314286
12.84270467919796,45.646246090671426
12.84270467919796,45.66801921502857
12.84270467919796,45.68979233938571
12.84270467919796,45.71156546374286
12.84270467919796,45.7333385881
12.84270467919796,45.75511171245714
12.84270467919796,45.77688483681428
12.84270467919796,45.79865796117143
12.84270467919796,45.82043108552857
12.84270467919796,45.842204209885715
12.84270467919796,45.863977334242854
12.84270467919796,45.8857504586
12.84270467919796,45.90752358295714
12.84270467919796,45.929296707314286
12.84270467919796,45.951069831671425
12.84270467919796,45.97284295602857
12.84270467919796,45.99461608038571
12.84270467919796,46.01638920474286
12.84270467919796,46.0381623291
12.84270467919796,46.05993545345714
12.84270467919796,46.08170857781428
12.84270467919796,46.10348170217143
12.84270467919796,46.12525482652857
12.84270467919796,46.147027950885715
12.84270467919796,46.168801075242854
12.84270467919796,46.1905741996
12.84270467919796,46.21234732395714
12.84270467919796,46.234120448314286
12.84270467919796,46.255893572671425
12.84270467919796,46.27766669702857
12.84270467919796,46.29943982138571
12.84270467919796,46.32121294574286
12.84270467919796,46.3429860701
12.84270467919796,46.36475919445714
12.84270467919796,46.38653231881428
12.84270467919796,46.40830544317143
12.84270467919796,46.43007856752857
12.84270467919796,46.451851691885715
12.84270467919796,46.473624816242854
12.84270467919796,46.4953979406
12.84270467919796,46.51717106495714
12.84270467919796,46.538944189314286
12.84270467919796,46.560717313671425
12.84270467919796,46.58249043802857
12.84270467919796,46.60426356238571
12.84270467919796,46.62603668674285
12.84270467919796,46.6478098111
12.875315237304081,45.5809267176
12.875315237304081,45.60269984195714
12.875315237304081,45.624472966314286
12.875315237304081,45.646246090671426
12.875315237304081,45.66801921502857
12.875315237304081,45.68979233938571
12.875315237304081,45.71156546374286
12.875315237304081,45.7333385881
12.875315237304081,45.75511171245714
12.875315237304081,45.77688483681428
12.875315237304081,45.79865796117143
12.875315237304081,45.82043108552857
12.875315237304081,45.842204209885715
12.875315237304081,45.863977334242854
12.875315237304081,45.8857504586
12.875315237304081,45.90752358295714
12.875315237304081,45.929296707314286
12.875315237304081,45.951069831671425
12.875315237304081,45.97284295602857
12.875315237304081,45.99461608038571
12.875315237304081,46.01638920474286
12.875315237304081,46.0381623291
12.875315237304081,46.05993545345714
12.875315237304081,46.08170857781428
12.875315237304081,46.10348170217143
12.875315237304081,46.12525482652857
12.875315237304081,46.147027950885715
12.875315237304081,46.168801075242854
12.875315237304081,46.1905741996
12.875315237304081,46.21234732395714
12.875315237304081,46.234120448314286
12.875315237304081,46.255893572671425
12.875315237304081,46.27766669702857
12.875315237304081,46.29943982138571
12.875315237304081,46.32121294574286
12.875315237304081,46.3429860701
12.875315237304081,46.36475919445714
12.875315237304081,46.38653231881428
12.875315237304081,46.40830544317143
12.875315237304081,46.43007856752857
12.875315237304081,46.451851691885715
12.875315237304081,46.473624816242854
12.875315237304081,46.4953979406
12.875315237304081,46.51717106495714
12.875315237304081,46.538944189314286
12.875315237304081,46.560717313671425
12.875315237304081,46.58249043802857
12.875315237304081,46.60426356238571
12.875315237304081,46.62603668674285
12.875315237304081,46.6478098111
12.907925795410204,45.5809267176
12.907925795410204,45.60269984195714
12.907925795410204,45.624472966314286
12.907925795410204,45.646246090671426
12.907925795410204,45.66801921502857
12.907925795410204,45.68979233938571
12.907925795410204,45.71156546374286
12.907925795410204,45.7333385881
12.907925795410204,45.75511171245714
12.907925795410204,45.77688483681428
12.907925795410204,45.79865796117143
12.907925795410204,45.82043108552857
12.907925795410204,45.842204209885715
12.907925795410204,45.863977334242854
12.907925795410204,45.8857504586
12.907925795410204,45.90752358295714
12.907925795410204,45.929296707314286
12.907925795410204,45.951069831671425
12.907925795410204,45.97284295602857
12.907925795410204,45.99461608038571
12.907925795410204,46.01638920474286
12.907925795410204,46.0381623291
12.907925795410204,46.05993545345714
12.907925795410204,46.08170857781428
12.907925795410204,46.10348170217143
12.907925795410204,46.12525482652857
12.907925795410204,46.147027950885715
12.907925795410204,46.168801075242854
12.907925795410204,46.1905741996
12.907925795410204,46.21234732395714
12.907925795410204,46.234120448314286
12.907925795410204,46.255893572671425
12.907925795410204,46.27766669702857
12.907925795410204,46.29943982138571
12.907925795410204,46.32121294574286
12.907925795410204,46.3429860701
12.907925795410204,46.36475919445714
12.907925795410204,46.38653231881428
12.907925795410204,46.40830544317143
12.907925795410204,46.43007856752857
12.907925795410204,46.451851691885715
12.907925795410204,46.473624816242854
12.907925795410204,46.4953979406
12.907925795410204,46.51717106495714
12.907925795410204,46.538944189314286
12.907925795410204,46.560717313671425
12.907925795410204,46.58249043802857
12.907925795410204,46.60426356238571
12.907925795410204,46.62603668674285
12.907925795410204,46.6478098111
12.940536353516327,45.5809267176
12.940536353516327,45.60269984195714
12.940536353516327,45.624472966314286
12.940536353516327,45.646246090671426
12.940536353516327,45.66801921502857
12.940536353516327,45.68979233938571
12.940536353516327,45.71156546374286
12.940536353516327,45.7333385881
12.940536353516327,45.75511171245714
12.940536353516327,45.77688483681428
12.940536353516327,45.79865796117143
12.940536353516327,45.82043108552857
12.940536353516327,45.842204209885715
12.940536353516327,45.863977334242854
12.940536353516327,45.8857504586
12.940536353516327,45.90752358295714
12.940536353516327,45.929296707314286
12.940536353516327,45.951069831671425
12.940536353516327,45.97284295602857
12.940536353516327,45.99461608038571
12.940536353516327,46.01638920474286
12.940536353516327,46.0381623291
12.940536353516327,46.05993545345714
12.940536353516327,46.08170857781428
12.940536353516327,46.10348170217143
12.940536353516327,46.12525482652857
12.940536353516327,46.147027950885715
12.940536353516327,46.168801075242854
12.940536353516327,46.1905741996
12.940536353516327,46.21234732395714
12.940536353516327,46.234120448314286
12.940536353516327,46.255893572671425
12.940536353516327,46.27766669702857
12.940536353516327,46.29943982138571
12.940536353516327,46.32121294574286
12.940536353516327,46.3429860701
12.940536353516327,46.36475919445714
12.940536353516327,46.38653231881428
12.940536353516327,46.40830544317143
12.940536353516327,46.43007856752857
12.940536353516327,46.451851691885715
12.940536353516327,46.473624816242854
12.940536353516327,46.4953979406
12.940536353516327,46.51717106495714
12.940536353516327,46.538944189314286
12.940536353516327,46.560717313671425
12.940536353516327,46.58249043802857
12.940536353516327,46.60426356238571
12.940536353516327,46.62603668674285
12.940536353516327,46.6478098111
12.973146911622448,45.5809267176
12.973146911622448,45.60269984195714
12.973146911622448,45.624472966314286
12.973146911622448,45.646246090671426
12.973146911622448,45.66801921502857
12.973146911622448,45.68979233938571
12.973146911622448,45.71156546374286
12.973146911622448,45.7333385881
12.973146911622448,45.75511171245714
12.973146911622448,45.77688483681428
12.973146911622448,45.79865796117143
12.973146911622448,45.82043108552857
12.973146911622448,45.842204209885715
12.973146911622448,45.863977334242854
12.973146911622448,45.8857504586
12.973146911622448,45.90752358295714
12.973146911622448,45.929296707314286
12.973146911622448,45.951069831671425
12.973146911622448,45.97284295602857
12.973146911622448,45.99461608038571
12.973146911622448,46.01638920474286
12.973146911622448,46.0381623291
12.973146911622448,46.05993545345714
12.973146911622448,46.08170857781428
12.973146911622448,46.10348170217143
12.973146911622448,46.12525482652857
12.973146911622448,46.147027950885715
12.973146911622448,46.168801075242854
12.973146911622448,46.1905741996
12.973146911622448,46.21234732395714
12.973146911622448,46.234120448314286
12.973146911622448,46.255893572671425
12.973146911622448,46.27766669702857
12.973146911622448,46.29943982138571
12.973146911622448,46.32121294574286
12.973146911622448,46.3429860701
12.973146911622448,46.36475919445714
12.973146911622448,46.38653231881428
12.973146911622448,46.40830544317143
12.973146911622448,46.43007856752857
12.973146911622448,46.451851691885715
12.973146911622448,46.473624816242854
12.973146911622448,46.4953979406
12.973146911622448,46.51717106495714
12.973146911622448,46.538944189314286
12.973146911622448,46.560717313671425
12.973146911622448,46.58249043802857
12.973146911622448,46.60426356238571
12.973146911622448,46.62603668674285
12.973146911622448,46.6478098111
13.005757469728572,45.5809267176
13.005757469728572,45.60269984195714
13.005757469728572,45.624472966314286
13.005757469728572,45.646246090671426
13.005757469728572,45.66801921502857
13.005757469728572,45.68979233938571
13.005757469728572,45.71156546374286
13.005757469728572,45.7333385881
13.005757469728572,45.75511171245714
13.005757469728572,45.77688483681428
13.005757469728572,45.79865796117143
13.005757469728572,45.82043108552857
13.005757469728572,45.842204209885715
13.005757469728572,45.863977334242854
13.005757469728572,45.8857504586
13.005757469728572,45.90752358295714
13.005757469728572,45.929296707314286
13.005757469728572,45.951069831671425
13.005757469728572,45.97284295602857
13.005757469728572,45.99461608038571
13.005757469728572,46.01638920474286
13.005757469728572,46.0381623291
13.005757469728572,46.05993545345714
13.005757469728572,46.08170857781428
13.005757469728572,46.10348170217143
13.005757469728572,46.12525482652857
13.005757469728572,46.147027950885715
13.005757469728572,46.168801075242854
13.005757469728572,46.1905741996
13.005757469728572,46.21234732395714
13.005757469728572,46.234120448314286
13.005757469728572,46.255893572671425
13.005757469728572,46.27766669702857
13.005757469728572,46.29943982138571
13.005757469728572,46.32121294574286
13.005757469728572,46.3429860701
13.005757469728572,46.36475919445714
13.005757469728572,46.38653231881428
13.005757469728572,46.40830544317143
13.005757469728572,46.43007856752857
13.005757469728572,46.451851691885715
13.005757469728572,46.473624816242854
13.005757469728572,46.4953979406
13.005757469728572,46.51717106495714
13.005757469728572,46.538944189314286
13.005757469728572,46.560717313671425
13.005757469728572,46.58249043802857
13.005757469728572,46.60426356238571
13.005757469728572,46.62603668674285
13.005757469728572,46.6478098111
13.038368027834693,45.5809267176
13.038368027834693,45.60269984195714
13.038368027834693,45.624472966314286
13.038368027834693,45.646246090671426
13.038368027834693,45.66801921502857
13.038368027834693,45.68979233938571
13.038368027834693,45.71156546374286
13.038368027834693,45.7333385881
13.038368027834693,45.75511171245714
13.038368027834693,45.77688483681428
13.038368027834693,45.79865796117143
13.038368027834693,45.82043108552857
13.038368027834693,45.842204209885715
13.038368027834693,45.863977334242854
13.038368027834693,45.8857504586
13.038368027834693,45.90752358295714
13.038368027834693,45.929296707314286
13.038368027834693,45.951069831671425
13.038368027834693,45.97284295602857
13.038368027834693,45.99461608038571
13.038368027834693,46.01638920474286
13.038368027834693,46.0381623291
13.038368027834693,46.05993545345714
13.038368027834693,46.08170857781428
13.038368027834693,46.10348170217143
13.038368027834693,46.12525482652857
13.038368027834693,46.147027950885715
13.038368027834693,46.168801075242854
13.038368027834693,46.1905741996
13.038368027834693,46.21234732395714
13.038368027834693,46.234120448314286
13.038368027834693,46.255893572671425
13.038368027834693,46.27766669702857
13.038368027834693,46.29943982138571
13.038368027834693,46.32121294574286
13.038368027834693,46.3429860701
13.038368027834693,46.36475919445714
13.038368027834693,46.38653231881428
13.038368027834693,46.40830544317143
13.038368027834693,46.43007856752857
13.038368027834693,46.451851691885715
13.038368027834693,46.473624816242854
13.038368027834693,46.4953979406
13.038368027834693,46.51717106495714
13.038368027834693,46.538944189314286
13.038368027834693,46.560717313671425
13.038368027834693,46.58249043802857
13.038368027834693,46.60426356238571
13.038368027834693,46.62603668674285
13.038368027834693,46.6478098111
13.070978585940816,45.5809267176
13.070978585940816,45.60269984195714
13.070978585940816,45.624472966314286
13.070978585940816,45.646246090671426
13.070978585940816,45.66801921502857
13.070978585940816,45.68979233938571
13.070978585940816,45.71156546374286
13.070978585940816,45.7333385881
13.070978585940816,45.75511171245714
13.070978585940816,45.77688483681428
13.070978585940816,45.79865796117143
13.070978585940816,45.82043108552857
13.070978585940816,45.842204209885715
13.070978585940816,45.863977334242854
13.070978585940816,45.8857504586
13.070978585940816,45.90752358295714
13.070978585940816,45.929296707314286
13.070978585940816,45.951069831671425
13.070978585940816,45.97284295602857
13.070978585940816,45.99461608038571
13.070978585940816,46.01638920474286
13.070978585940816,46.0381623291
13.070978585940816,46.05993545345714
13.070978585940816,46.08170857781428
13.070978585940816,46.10348170217143
13.070978585940816,46.12525482652857
13.070978585940816,46.147027950885715
13.070978585940816,46.168801075242854
13.070978585940816,46.1905741996
13.070978585940816,46.21234732395714
13.070978585940816,46.234120448314286
13.070978585940816,46.255893572671425
13.070978585940816,46.27766669702857
13.070978585940816,46.29943982138571
13.070978585940816,46.32121294574286
13.070978585940816,46.3429860701
13.070978585940816,46.36475919445714
13.070978585940816,46.38653231881428
13.070978585940816,46.40830544317143
13.070978585940816,46.43007856752857
13.070978585940816,46.451851691885715
13.070978585940816,46.473624816242854
13.070978585940816,46.4953979406
13.070978585940816,46.51717106495714
13.070978585940816,46.538944189314286
13.070978585940816,46.560717313671425
13.070978585940816,46.58249043802857
13.070978585940816,46.60426356238571
13.070978585940816,46.62603668674285
13.070978585940816,46.6478098111
13.10358914404694,45.5809267176
13.10358914404694,45.60269984195714
13.10358914404694,45.624472966314286
13.10358914404694,45.646246090671426
13.10358914404694,45.66801921502857
13.10358914404694,45.68979233938571
13.10358914404694,45.71156546374286
13.10358914404694,45.7333385881
13.10358914404694,45.75511171245714
13.10358914404694,45.77688483681428
13.10358914404694,45.79865796117143
13.10358914404694,45.82043108552857
13.10358914404694,45.842204209885715
13.10358914404694,45.863977334242854
13.10358914404694,45.8857504586
13.10358914404694,45.90752358295714
13.10358914404694,45.929296707314286
13.10358914404694,45.951069831671425
13.10358914404694,45.97284295602857
13.10358914404694,45.99461608038571
13.10358914404694,46.01638920474286
13.10358914404694,46.0381623291
13.10358914404694,46.05993545345714
13.10358914404694,46.08170857781428
13.10358914404694,46.10348170217143
13.10358914404694,46.12525482652857
13.10358914404694,46.147027950885715
13.10358914404694,46.168801075242854
13.10358914404694,46.1905741996
13.10358914404694,46.21234732395714
13.10358914404694,46.234120448314286
13.10358914404694,46.255893572671425
13.10358914404694,46.27766669702857
13.10358914404694,46.29943982138571
13.10358914404694,46.32121294574286
13.10358914404694,46.3429860701
13.10358914404694,46.36475919445714
13.10358914404694,46.38653231881428
13.10358914404694,46.40830544317143
13.10358914404694,46.43007856752857
13.10358914404694,46.451851691885715
13.10358914404694,46.473624816242854
13.10358914404694,46.4953979406
13.10358914404694,46.51717106495714
13.10358914404694,46.538944189314286
13.10358914404694,46.560717313671425
13.10358914404694,46.58249043802857
13.10358914404694,46.60426356238571
13.10358914404694,46.62603668674285
13.10358914404694,46.6478098111
13.13619970215306,45.5809267176
13.13619970215306,45.60269984195714
13.13619970215306,45.624472966314286
13.13619970215306,45.646246090671426
13.13619970215306,45.66801921502857
13.13619970215306,45.68979233938571
13.13619970215306,45.71156546374286
13.13619970215306,45.7333385881
13.13619970215306,45.75511171245714
13.13619970215306,45.77688483681428
13.13619970215306,45.79865796117143
13.13619970215306,45.82043108552857
13.13619970215306,45.842204209885715
13.13619970215306,45.863977334242854
13.13619970215306,45.8857504586
13.13619970215306,45.90752358295714
13.13619970215306,45.929296707314286
13.13619970215306,45.951069831671425
13.13619970215306,45.97284295602857
13.13619970215306,45.99461608038571
13.13619970215306,46.01638920474286
13.13619970215306,46.0381623291
13.13619970215306,46.05993545345714
13.13619970215306,46.08170857781428
13.13619970215306,46.10348170217143
13.13619970215306,46.12525482652857
13.13619970215306,46.147027950885715
13.13619970215306,46.168801075242854
13.13619970215306,46.1905741996
13.13619970215306,46.21234732395714
13.13619970215306,46.234120448314286
13.13619970215306,46.255893572671425
13.13619970215306,46.27766669702857
13.13619970215306,46.29943982138571
13.13619970215306,46.32121294574286
13.13619970215306,46.3429860701
13.13619970215306,46.36475919445714
13.13619970215306,46.38653231881428
13.13619970215306,46.40830544317143
13.13619970215306,46.43007856752857
13.13619970215306,46.451851691885715
13.13619970215306,46.473624816242854
13.13619970215306,46.4953979406
13.13619970215306,46.51717106495714
13.13619970215306,46.538944189314286
13.13619970215306,46.560717313671425
13.13619970215306,46.58249043802857
13.13619970215306,46.60426356238571
13.13619970215306,46.62603668674285
13.13619970215306,46.6478098111
13.168810260259184,45.5809267176
13.168810260259184,45.60269984195714
13.168810260259184,45.624472966314286
13.168810260259184,45.646246090671426
13.168810260259184,45.66801921502857
13.168810260259184,45.68979233938571
13.168810260259184,45.71156546374286
13.168810260259184,45.7333385881
13.168810260259184,45.75511171245714
13.168810260259184,45.77688483681428
13.168810260259184,45.79865796117143
13.168810260259184,45.82043108552857
13.168810260259184,45.842204209885715
13.168810260259184,45.863977334242854
13.168810260259184,45.8857504586
13.168810260259184,45.90752358295714
13.168810260259184,45.929296707314286
13.168810260259184,45.951069831671425
13.168810260259184,45.97284295602857
13.168810260259184,45.99461608038571
13.168810260259184,46.01638920474286
13.168810260259184,46.0381623291
13.168810260259184,46.05993545345714
13.168810260259184,46.08170857781428
13.168810260259184,46.10348170217143
13.168810260259184,46.12525482652857
13.168810260259184,46.147027950885715
13.168810260259184,46.168801075242854
13.168810260259184,46.1905741996
13.168810260259184,46.21234732395714
13.168810260259184,46.234120448314286
13.168810260259184,46.255893572671425
13.168810260259184,46.27766669702857
13.168810260259184,46.29943982138571
13.168810260259184,46.32121294574286
13.168810260259184,46.3429860701
13.168810260259184,46.36475919445714
13.168810260259184,46.38653231881428
13.168810260259184,46.40830544317143
13.168810260259184,46.43007856752857
13.168810260259184,46.451851691885715
13.168810260259184,46.473624816242854
13.168810260259184,46.4953979406
13.168810260259184,46.51717106495714
13.168810260259184,46.538944189314286
13.168810260259184,46.560717313671425
13.168810260259184,46.58249043802857
13.168810260259184,46.60426356238571
13.168810260259184,46.62603668674285
13.168810260259184,46.6478098111
13.201420818365307,45.5809267176
13.201420818365307,45.60269984195714
13.201420818365307,45.624472966314286
13.201420818365307,45.646246090671426
13.201420818365307,45.66801921502857
13.201420818365307,45.68979233938571
13.201420818365307,45.71156546374286
13.201420818365307,45.7333385881
13.201420818365307,45.75511171245714
13.201420818365307,45.77688483681428
13.201420818365307,45.79865796117143
13.201420818365307,45.82043108552857
13.201420818365307,45.842204209885715
13.201420818365307,45.863977334242854
13.201420818365307,45.8857504586
13.201420818365307,45.90752358295714
13.201420818365307,45.929296707314286
13.201420818365307,45.951069831671425
13.201420818365307,45.97284295602857
13.201420818365307,45.99461608038571
13.201420818365307,46.01638920474286
13.201420818365307,46.0381623291
13.201420818365307,46.05993545345714
13.201420818365307,46.08170857781428
13.201420818365307,46.10348170217143
13.201420818365307,46.12525482652857
13.201420818365307,46.147027950885715
13.201420818365307,46.168801075242854
13.201420818365307,46.1905741996
13.201420818365307,46.21234732395714
13.201420818365307,46.234120448314286
13.201420818365307,46.255893572671425
13.201420818365307,46.27766669702857
13.201420818365307,46.29943982138571
13.201420818365307,46.32121294574286
13.201420818365307,46.3429860701
13.201420818365307,46.36475919445714
13.201420818365307,46.38653231881428
13.201420818365307,46.40830544317143
13.201420818365307,46.43007856752857
13.201420818365307,46.451851691885715
13.201420818365307,46.473624816242854
13.201420818365307,46.4953979406
13.201420818365307,46.51717106495714
13.201420818365307,46.538944189314286
13.201420818365307,46.560717313671425
13.201420818365307,46.58249043802857
13.201420818365307,46.60426356238571
13.201420818365307,46.62603668674285
13.201420818365307,46.6478098111
13.234031376471428,45.5809267176
13.234031376471428,45.60269984195714
13.234031376471428,45.624472966314286
13.234031376471428,45.646246090671426
13.234031376471428,45.66801921502857
13.234031376471428,45.68979233938571
13.234031376471428,45.71156546374286
13.234031376471428,45.7333385881
13.234031376471428,45.75511171245714
13.234031376471428,45.77688483681428
13.234031376471428,45.79865796117143
13.234031376471428,45.82043108552857
13.234031376471428,45.842204209885715
13.234031376471428,45.863977334242854
13.234031376471428,45.8857504586
13.234031376471428,45.90752358295714
13.234031376471428,45.929296707314286
13.234031376471428,45.951069831671425
13.234031376471428,45.97284295602857
13.234031376471428,45.99461608038571
13.234031376471428,46.01638920474286
13.234031376471428,46.0381623291
13.234031376471428,46.05993545345714
13.234031376471428,46.08170857781428
13.234031376471428,46.10348170217143
13.234031376471428,46.12525482652857
13.234031376471428,46.147027950885715
13.234031376471428,46.168801075242854
13.234031376471428,46.1905741996
13.234031376471428,46.21234732395714
13.234031376471428,46.234120448314286
13.234031376471428,46.255893572671425
13.234031376471428,46.27766669702857
13.234031376471428,46.29943982138571
13.234031376471428,46.32121294574286
13.234031376471428,46.3429860701
13.234031376471428,46.36475919445714
13.234031376471428,46.38653231881428
13.234031376471428,46.40830544317143
13.234031376471428,46.43007856752857
13.234031376471428,46.451851691885715
13.234031376471428,46.473624816242854
13.234031376471428,46.4953979406
13.234031376471428,46.51717106495714
13.234031376471428,46.538944189314286
13.234031376471428,46.560717313671425
13.234031376471428,46.58249043802857
13.234031376471428,46.60426356238571
13.234031376471428,46.62603668674285
13.234031376471428,46.6478098111
13.266641934577551,45.5809267176
13.266641934577551,45.60269984195714
13.266641934577551,45.624472966314286
13.266641934577551,45.646246090671426
13.266641934577551,45.66801921502857
13.266641934577551,45.68979233938571
13.266641934577551,45.71156546374286
13.266641934577551,45.7333385881
13.266641934577551,45.75511171245714
13.266641934577551,45.77688483681428
13.266641934577551,45.79865796117143
13.266641934577551,45.82043108552857
13.266641934577551,45.842204209885715
13.266641934577551,45.863977334242854
13.266641934577551,45.8857504586
13.266641934577551,45.90752358295714
13.266641934577551,45.929296707314286
13.266641934577551,45.951069831671425
13.266641934577551,45.97284295602857
13.266641934577551,45.99461608038571
13.266641934577551,46.01638920474286
13.266641934577551,46.0381623291
13.266641934577551,46.05993545345714
13.266641934577551,46.08170857781428
13.266641934577551,46.10348170217143
13.266641934577551,46.12525482652857
13.266641934577551,46.147027950885715
13.266641934577551,46.168801075242854
13.266641934577551,46.1905741996
13.266641934577551,46.21234732395714
13.266641934577551,46.234120448314286
13.266641934577551,46.255893572671425
13.266641934577551,46.27766669702857
13.266641934577551,46.29943982138571
13.266641934577551,46.32121294574286
13.266641934577551,46.3429860701
13.266641934577551,46.36475919445714
13.266641934577551,46.38653231881428
13.266641934577551,46.40830544317143
13.266641934577551,46.43007856752857
13.266641934577551,46.451851691885715
13.266641934577551,46.473624816242854
13.266641934577551,46.4953979406
13.266641934577551,46.51717106495714
13.266641934577551,46.538944189314286
13.266641934577551,46.560717313671425
13.266641934577551,46.58249043802857
13.266641934577551,46.60426356238571
13.266641934577551,46.62603668674285
13.266641934577551,46.6478098111
13.299252492683673,45.5809267176
13.299252492683673,45.60269984195714
13.299252492683673,45.624472966314286
13.299252492683673,45.646246090671426
13.299252492683673,45.66801921502857
13.299252492683673,45.68979233938571
13.299252492683673,45.71156546374286
13.299252492683673,45.7333385881
13.299252492683673,45.75511171245714
13.299252492683673,45.77688483681428
13.299252492683673,45.79865796117143
13.299252492683673,45.82043108552857
13.299252492683673,45.842204209885715
13.299252492683673,45.863977334242854
13.299252492683673,45.8857504586
13.299252492683673,45.90752358295714
13.299252492683673,45.929296707314286
13.299252492683673,45.951069831671425
13.299252492683673,45.97284295602857
13.299252492683673,45.99461608038571
13.299252492683673,46.01638920474286
13.299252492683673,46.0381623291
13.299252492683673,46.05993545345714
13.299252492683673,46.08170857781428
13.299252492683673,46.10348170217143
13.299252492683673,46.12525482652857
13.299252492683673,46.147027950885715
13.299252492683673,46.168801075242854
13.299252492683673,46.1905741996
13.299252492683673,46.21234732395714
13.299252492683673,46.234120448314286
13.299252492683673,46.255893572671425
13.299252492683673,46.27766669702857
13.299252492683673,46.29943982138571
13.299252492683673,46.32121294574286
13.299252492683673,46.3429860701
13.299252492683673,46.36475919445714
13.299252492683673,46.38653231881428
13.299252492683673,46.40830544317143
13.299252492683673,46.43007856752857
13.299252492683673,46.451851691885715
13.299252492683673,46.473624816242854
13.299252492683673,46.4953979406
13.299252492683673,46.51717106495714
13.299252492683673,46.538944189314286
13.299252492683673,46.560717313671425
13.299252492683673,46.58249043802857
13.299252492683673,46.60426356238571
13.299252492683673,46.62603668674285
13.299252492683673,46.6478098111
13.331863050789796,45.5809267176
13.331863050789796,45.60269984195714
13.331863050789796,45.624472966314286
13.331863050789796,45.646246090671426
13.331863050789796,45.66801921502857
13.331863050789796,45.68979233938571
13.331863050789796,45.71156546374286
13.331863050789796,45.7333385881
13.331863050789796,45.75511171245714
13.331863050789796,45.77688483681428
13.331863050789796,45.79865796117143
13.331863050789796,45.82043108552857
13.331863050789796,45.842204209885715
13.331863050789796,45.863977334242854
13.331863050789796,45.8857504586
13.331863050789796,45.90752358295714
13.331863050789796,45.929296707314286
13.331863050789796,45.951069831671425
13.331863050789796,45.97284295602857
13.331863050789796,45.99461608038571
13.331863050789796,46.01638920474286
13.331863050789796,46.0381623291
13.331863050789796,46.05993545345714
13.331863050789796,46.08170857781428
13.331863050789796,46.10348170217143
13.331863050789796,46.12525482652857
13.331863050789796,46.147027950885715
13.331863050789796,46.168801075242854
13.331863050789796,46.1905741996
13.331863050789796,46.21234732395714
13.331863050789796,46.234120448314286
13.331863050789796,46.255893572671425
13.331863050789796,46.27766669702857
13.331863050789796,46.29943982138571
13.331863050789796,46.32121294574286
13.331863050789796,46.3429860701
13.331863050789796,46.36475919445714
13.331863050789796,46.38653231881428
13.331863050789796,46.40830544317143
13.331863050789796,46.43007856752857
13.331863050789796,46.451851691885715
13.331863050789796,46.473624816242854
13.331863050789796,46.4953979406
13.331863050789796,46.51717106495714
13.331863050789796,46.538944189314286
13.331863050789796,46.560717313671425
13.331863050789796,46.58249043802857
13.331863050789796,46.60426356238571
13.331863050789796,46.62603668674285
13.331863050789796,46.6478098111
13.364473608895919,45.5809267176
13.364473608895919,45.60269984195714
13.364473608895919,45.624472966314286
13.364473608895919,45.646246090671426
13.364473608895919,45.66801921502857
13.364473608895919,45.68979233938571
13.364473608895919,45.71156546374286
13.364473608895919,45.7333385881
13.364473608895919,45.75511171245714
13.364473608895919,45.77688483681428
13.364473608895919,45.79865796117143
13.364473608895919,45.82043108552857
13.364473608895919,45.842204209885715
13.364473608895919,45.863977334242854
13.364473608895919,45.8857504586
13.364473608895919,45.90752358295714
13.364473608895919,45.929296707314286
13.364473608895919,45.951069831671425
13.364473608895919,45.97284295602857
13.364473608895919,45.99461608038571
13.364473608895919,46.01638920474286
13.364473608895919,46.0381623291
13.364473608895919,46.05993545345714
13.364473608895919,46.08170857781428
13.364473608895919,46.10348170217143
13.364473608895919,46.12525482652857
13.364473608895919,46.147027950885715
13.364473608895919,46.168801075242854
13.364473608895919,46.1905741996
13.364473608895919,46.21234732395714
13.364473608895919,46.234120448314286
13.364473608895919,46.255893572671425
13.364473608895919,46.27766669702857
13.364473608895919,46.29943982138571
13.364473608895919,46.32121294574286
13.364473608895919,46.3429860701
13.364473608895919,46.36475919445714
13.364473608895919,46.38653231881428
13.364473608895919,46.40830544317143
13.364473608895919,46.43007856752857
13.364473608895919,46.451851691885715
13.364473608895919,46.473624816242854
13.364473608895919,46.4953979406
13.364473608895919,46.51717106495714
13.364473608895919,46.538944189314286
13.364473608895919,46.560717313671425
13.364473608895919,46.58249043802857
13.364473608895919,46.60426356238571
13.364473608895919,46.62603668674285
13.364473608895919,46.6478098111
13.39708416700204,45.5809267176
13.39708416700204,45.60269984195714
13.39708416700204,45.624472966314286
13.39708416700204,45.646246090671426
13.39708416700204,45.66801921502857
13.39708416700204,45.68979233938571
13.39708416700204,45.71156546374286
13.39708416700204,45.7333385881
13.39708416700204,45.75511171245714
13.39708416700204,45.77688483681428
13.39708416700204,45.79865796117143
13.39708416700204,45.82043108552857
13.39708416700204,45.842204209885715
13.39708416700204,45.863977334242854
13.39708416700204,45.8857504586
13.39708416700204,45.90752358295714
13.39708416700204,45.929296707314286
13.39708416700204,45.951069831671425
13.39708416700204,45.97284295602857
13.39708416700204,45.99461608038571
13.39708416700204,46.01638920474286
13.39708416700204,46.0381623291
13.39708416700204,46.05993545345714
13.39708416700204,46.08170857781428
13.39708416700204,46.10348170217143
13.39708416700204,46.12525482652857
13.39708416700204,46.147027950885715
13.39708416700204,46.168801075242854
13.39708416700204,46.1905741996
13.39708416700204,46.21234732395714
13.39708416700204,46.234120448314286
13.39708416700204,46.255893572671425
13.39708416700204,46.27766669702857
13.39708416700204,46.29943982138571
13.39708416700204,46.32121294574286
13.39708416700204,46.3429860701
13.39708416700204,46.36475919445714
13.39708416700204,46.38653231881428
13.39708416700204,46.40830544317143
13.39708416700204,46.43007856752857
13.39708416700204,46.451851691885715
13.39708416700204,46.473624816242854
13.39708416700204,46.4953979406
13.39708416700204,46.51717106495714
13.39708416700204,46.538944189314286
13.39708416700204,46.560717313671425
13.39708416700204,46.58249043802857
13.39708416700204,46.60426356238571
13.39708416700204,46.62603668674285
13.39708416700204,46.6478098111
13.429694725108163,45.5809267176
13.429694725108163,45.60269984195714
13.429694725108163,45.624472966314286
13.429694725108163,45.646246090671426
13.429694725108163,45.66801921502857
13.429694725108163,45.68979233938571
13.429694725108163,45.71156546374286
13.429694725108163,45.7333385881
13.429694725108163,45.75511171245714
13.429694725108163,45.77688483681428
13.429694725108163,45.79865796117143
13.429694725108163,45.82043108552857
13.429694725108163,45.842204209885715
13.429694725108163,45.863977334242854
13.429694725108163,45.8857504586
13.429694725108163,45.90752358295714
13.429694725108163,45.929296707314286
13.429694725108163,45.951069831671425
13.429694725108163,45.97284295602857
13.429694725108163,45.99461608038571
13.429694725108163,46.01638920474286
13.429694725108163,46.0381623291
13.429694725108163,46.05993545345714
13.429694725108163,46.08170857781428
13.429694725108163,46.10348170217143
13.429694725108163,46.12525482652857
13.429694725108163,46.147027950885715
13.429694725108163,46.168801075242854
13.429694725108163,46.1905741996
13.429694725108163,46.21234732395714
13.429694725108163,46.234120448314286
13.429694725108163,46.255893572671425
13.429694725108163,46.27766669702857
13.429694725108163,46.29943982138571
13.429694725108163,46.32121294574286
13.429694725108163,46.3429860701
13.429694725108163,46.36475919445714
13.429694725108163,46.38653231881428
13.429694725108163,46.40830544317143
13.429694725108163,46.43007856752857
13.429694725108163,46.451851691885715
13.429694725108163,46.473624816242854
13.429694725108163,46.4953979406
13.429694725108163,46.51717106495714
13.429694725108163,46.538944189314286
13.429694725108163,46.560717313671425
13.429694725108163,46.58249043802857
13.429694725108163,46.60426356238571
13.429694725108163,46.62603668674285
13.429694725108163,46.6478098111
13.462305283214285,45.5809267176
13.462305283214285,45.60269984195714
13.462305283214285,45.624472966314286
13.462305283214285,45.646246090671426
13.462305283214285,45.66801921502857
13.462305283214285,45.68979233938571
13.462305283214285,45.71156546374286
13.462305283214285,45.7333385881
13.462305283214285,45.75511171245714
13.462305283214285,45.77688483681428
13.462305283214285,45.79865796117143
13.462305283214285,45.82043108552857
13.462305283214285,45.842204209885715
13.462305283214285,45.863977334242854
13.462305283214285,45.8857504586
13.462305283214285,45.90752358295714
13.462305283214285,45.929296707314286
13.462305283214285,45.951069831671425
13.462305283214285,45.97284295602857
13.462305283214285,45.99461608038571
13.462305283214285,46.01638920474286
13.462305283214285,46.0381623291
13.462305283214285,46.05993545345714
13.462305283214285,46.08170857781428
13.462305283214285,46.10348170217143
13.462305283214285,46.12525482652857
13.462305283214285,46.147027950885715
13.462305283214285,46.168801075242854
13.462305283214285,46.1905741996
13.462305283214285,46.21234732395714
13.462305283214285,46.234120448314286
13.462305283214285,46.255893572671425
13.462305283214285,46.27766669702857
13.462305283214285,46.29943982138571
13.462305283214285,46.32121294574286
13.462305283214285,46.3429860701
13.462305283214285,46.36475919445714
13.462305283214285,46.38653231881428
13.462305283214285,46.40830544317143
13.462305283214285,46.43007856752857
13.462305283214285,46.451851691885715
13.462305283214285,46.473624816242854
13.462305283214285,46.4953979406
13.462305283214285,46.51717106495714
13.462305283214285,46.538944189314286
13.462305283214285,46.560717313671425
13.462305283214285,46.58249043802857
13.462305283214285,46.60426356238571
13.462305283214285,46.62603668674285
13.462305283214285,46.6478098111
13.494915841320408,45.5809267176
13.494915841320408,45.60269984195714
13.494915841320408,45.624472966314286
13.494915841320408,45.646246090671426
13.494915841320408,45.66801921502857
13.494915841320408,45.68979233938571
13.494915841320408,45.71156546374286
13.494915841320408,45.7333385881
13.494915841320408,45.75511171245714
13.494915841320408,45.77688483681428
13.494915841320408,45.79865796117143
13.494915841320408,45.82043108552857
13.494915841320408,45.842204209885715
13.494915841320408,45.863977334242854
13.494915841320408,45.8857504586
13.494915841320408,45.90752358295714
13.494915841320408,45.929296707314286
13.494915841320408,45.951069831671425
13.494915841320408,45.97284295602857
13.494915841320408,45.99461608038571
13.494915841320408,46.01638920474286
13.494915841320408,46.0381623291
13.494915841320408,46.05993545345714
13.494915841320408,46.08170857781428
13.494915841320408,46.10348170217143
13.494915841320408,46.12525482652857
13.494915841320408,46.147027950885715
13.494915841320408,46.168801075242854
13.494915841320408,46.1905741996
13.494915841320408,46.21234732395714
13.494915841320408,46.234120448314286
13.494915841320408,46.255893572671425
13.494915841320408,46.27766669702857
13.494915841320408,46.29943982138571
13.494915841320408,46.32121294574286
13.494915841320408,46.3429860701
13.494915841320408,46.36475919445714
13.494915841320408,46.38653231881428
13.494915841320408,46.40830544317143
13.494915841320408,46.43007856752857
13.494915841320408,46.451851691885715
13.494915841320408,46.473624816242854
13.494915841320408,46.4953979406
13.494915841320408,46.51717106495714
13.494915841320408,46.538944189314286
13.494915841320408,46.560717313671425
13.494915841320408,46.58249043802857
13.494915841320408,46.60426356238571
13.494915841320408,46.62603668674285
13.494915841320408,46.6478098111
13.527526399426531,45.5809267176
13.527526399426531,45.60269984195714
13.527526399426531,45.624472966314286
13.527526399426531,45.646246090671426
13.527526399426531,45.66801921502857
13.527526399426531,45.68979233938571
13.527526399426531,45.71156546374286
13.527526399426531,45.7333385881
13.527526399426531,45.75511171245714
13.527526399426531,45.77688483681428
13.527526399426531,45.79865796117143
13.527526399426531,45.82043108552857
13.527526399426531,45.842204209885715
13.527526399426531,45.863977334242854
13.527526399426531,45.8857504586
13.527526399426531,45.90752358295714
13.527526399426531,45.929296707314286
13.527526399426531,45.951069831671425
13.527526399426531,45.97284295602857
13.527526399426531,45.99461608038571
13.527526399426531,46.01638920474286
13.527526399426531,46.0381623291
13.527526399426531,46.05993545345714
13.527526399426531,46.08170857781428
13.527526399426531,46.10348170217143
13.527526399426531,46.12525482652857
13.527526399426531,46.147027950885715
13.527526399426531,46.168801075242854
13.527526399426531,46.1905741996
13.527526399426531,46.21234732395714
13.527526399426531,46.234120448314286
13.527526399426531,46.255893572671425
13.527526399426531,46.27766669702857
13.527526399426531,46.29943982138571
13.527526399426531,46.32121294574286
13.527526399426531,46.3429860701
13.527526399426531,46.36475919445714
13.527526399426531,46.38653231881428
13.527526399426531,46.40830544317143
13.527526399426531,46.43007856752857
13.527526399426531,46.451851691885715
13.527526399426531,46.473624816242854
13.527526399426531,46.4953979406
13.527526399426531,46.51717106495714
13.527526399426531,46.538944189314286
13.527526399426531,46.560717313671425
13.527526399426531,46.58249043802857
13.527526399426531,46.60426356238571
13.527526399426531,46.62603668674285
13.527526399426531,46.6478098111
13.560136957532652,45.5809267176
13.560136957532652,45.60269984195714
13.560136957532652,45.624472966314286
13.560136957532652,45.646246090671426
13.560136957532652,45.66801921502857
13.560136957532652,45.68979233938571
13.560136957532652,45.71156546374286
13.560136957532652,45.7333385881
13.560136957532652,45.75511171245714
13.560136957532652,45.77688483681428
13.560136957532652,45.79865796117143
13.560136957532652,45.82043108552857
13.560136957532652,45.842204209885715
13.560136957532652,45.863977334242854
13.560136957532652,45.8857504586
13.560136957532652,45.90752358295714
13.560136957532652,45.929296707314286
13.560136957532652,45.951069831671425
13.560136957532652,45.97284295602857
13.560136957532652,45.99461608038571
13.560136957532652,46.01638920474286
13.560136957532652,46.0381623291
13.560136957532652,46.05993545345714
13.560136957532652,46.08170857781428
13.560136957532652,46.10348170217143
13.560136957532652,46.12525482652857
13.560136957532652,46.147027950885715
13.560136957532652,46.168801075242854
13.560136957532652,46.1905741996
13.560136957532652,46.21234732395714
13.560136957532652,46.234120448314286
13.560136957532652,46.255893572671425
13.560136957532652,46.27766669702857
13.560136957532652,46.29943982138571
13.560136957532652,46.32121294574286
13.560136957532652,46.3429860701
13.560136957532652,46.36475919445714
13.560136957532652,46.38653231881428
13.560136957532652,46.40830544317143
13.560136957532652,46.43007856752857
13.560136957532652,46.451851691885715
13.560136957532652,46.473624816242854
13.560136957532652,46.4953979406
13.560136957532652,46.51717106495714
13.560136957532652,46.538944189314286
13.560136957532652,46.560717313671425
13.560136957532652,46.58249043802857
13.560136957532652,46.60426356238571
13.560136957532652,46.62603668674285
13.560136957532652,46.6478098111
13.592747515638775,45.5809267176
13.592747515638775,45.60269984195714
13.592747515638775,45.624472966314286
13.592747515638775,45.646246090671426
13.592747515638775,45.66801921502857
13.592747515638775,45.68979233938571
13.592747515638775,45.71156546374286
13.592747515638775,45.7333385881
13.592747515638775,45.75511171245714
13.592747515638775,45.77688483681428
13.592747515638775,45.79865796117143
13.592747515638775,45.82043108552857
13.592747515638775,45.842204209885715
13.592747515638775,45.863977334242854
13.592747515638775,45.8857504586
13.592747515638775,45.90752358295714
13.592747515638775,45.929296707314286
13.592747515638775,45.951069831671425
13.592747515638775,45.97284295602857
13.592747515638775,45.99461608038571
13.592747515638775,46.01638920474286
13.592747515638775,46.0381623291
13.592747515638775,46.05993545345714
13.592747515638775,46.08170857781428
13.592747515638775,46.10348170217143
13.592747515638775,46.12525482652857
13.592747515638775,46.147027950885715
13.592747515638775,46.168801075242854
13.592747515638775,46.1905741996
13.592747515638775,46.21234732395714
13.592747515638775,46.234120448314286
13.592747515638775,46.255893572671425
13.592747515638775,46.27766669702857
13.592747515638775,46.29943982138571
13.592747515638775,46.32121294574286
13.592747515638775,46.3429860701
13.592747515638775,46.36475919445714
13.592747515638775,46.38653231881428
13.592747515638775,46.40830544317143
13.592747515638775,46.43007856752857
13.592747515638775,46.451851691885715
13.592747515638775,46.473624816242854
13.592747515638775,46.4953979406
13.592747515638775,46.51717106495714
13.592747515638775,46.538944189314286
13.592747515638775,46.560717313671425
13.592747515638775,46.58249043802857
13.592747515638775,46.60426356238571
13.592747515638775,46.62603668674285
13.592747515638775,46.6478098111
13.625358073744898,45.5809267176
13.625358073744898,45.60269984195714
13.625358073744898,45.624472966314286
13.625358073744898,45.646246090671426
13.625358073744898,45.66801921502857
13.625358073744898,45.68979233938571
13.625358073744898,45.71156546374286
13.625358073744898,45.7333385881
13.625358073744898,45.75511171245714
13.625358073744898,45.77688483681428
13.625358073744898,45.79865796117143
13.625358073744898,45.82043108552857
13.625358073744898,45.842204209885715
13.625358073744898,45.863977334242854
13.625358073744898,45.8857504586
13.625358073744898,45.90752358295714
13.625358073744898,45.929296707314286
13.625358073744898,45.951069831671425
13.625358073744898,45.97284295602857
13.625358073744898,45.99461608038571
13.625358073744898,46.01638920474286
13.625358073744898,46.0381623291
13.625358073744898,46.05993545345714
13.625358073744898,46.08170857781428
13.625358073744898,46.10348170217143
13.625358073744898,46.12525482652857
13.625358073744898,46.147027950885715
13.625358073744898,46.168801075242854
13.625358073744898,46.1905741996
13.625358073744898,46.21234732395714
13.625358073744898,46.234120448314286
13.625358073744898,46.255893572671425
13.625358073744898,46.27766669702857
13.625358073744898,46.29943982138571
13.625358073744898,46.32121294574286
13.625358073744898,46.3429860701
13.625358073744898,46.36475919445714
13.625358073744898,46.38653231881428
13.625358073744898,46.40830544317143
13.625358073744898,46.43007856752857
13.625358073744898,46.451851691885715
13.625358073744898,46.473624816242854
13.625358073744898,46.4953979406
13.625358073744898,46.51717106495714
13.625358073744898,46.538944189314286
13.625358073744898,46.560717313671425
13.625358073744898,46.58249043802857
13.625358073744898,46.60426356238571
13.625358073744898,46.62603668674285
13.625358073744898,46.6478098111
13.65796863185102,45.5809267176
13.65796863185102,45.60269984195714
13.65796863185102,45.624472966314286
13.65796863185102,45.646246090671426
13.65796863185102,45.66801921502857
13.65796863185102,45.68979233938571
13.65796863185102,45.71156546374286
13.65796863185102,45.7333385881
13.65796863185102,45.75511171245714
13.65796863185102,45.77688483681428
13.65796863185102,45.79865796117143
13.65796863185102,45.82043108552857
13.65796863185102,45.842204209885715
13.65796863185102,45.863977334242854
13.65796863185102,45.8857504586
13.65796863185102,45.90752358295714
13.65796863185102,45.929296707314286
13.65796863185102,45.951069831671425
13.65796863185102,45.97284295602857
13.65796863185102,45.99461608038571
13.65796863185102,46.01638920474286
13.65796863185102,46.0381623291
13.65796863185102,46.05993545345714
13.65796863185102,46.08170857781428
13.65796863185102,46.10348170217143
13.65796863185102,46.12525482652857
13.65796863185102,46.147027950885715
13.65796863185102,46.168801075242854
13.65796863185102,46.1905741996
13.65796863185102,46.21234732395714
13.65796863185102,46.234120448314286
13.65796863185102,46.255893572671425
13.65796863185102,46.27766669702857
13.65796863185102,46.29943982138571
13.65796863185102,46.32121294574286
13.65796863185102,46.3429860701
13.65796863185102,46.36475919445714
13.65796863185102,46.38653231881428
13.65796863185102,46.40830544317143
13.65796863185102,46.43007856752857
13.65796863185102,46.451851691885715
13.65796863185102,46.473624816242854
13.65796863185102,46.4953979406
13.65796863185102,46.51717106495714
13.65796863185102,46.538944189314286
13.65796863185102,46.560717313671425
13.65796863185102,46.58249043802857
13.65796863185102,46.60426356238571
13.65796863185102,46.62603668674285
13.65796863185102,46.6478098111
13.690579189957143,45.5809267176
13.690579189957143,45.60269984195714
13.690579189957143,45.624472966314286
13.690579189957143,45.646246090671426
13.690579189957143,45.66801921502857
13.690579189957143,45.68979233938571
13.690579189957143,45.71156546374286
13.690579189957143,45.7333385881
13.690579189957143,45.75511171245714
13.690579189957143,45.77688483681428
13.690579189957143,45.79865796117143
13.690579189957143,45.82043108552857
13.690579189957143,45.842204209885715
13.690579189957143,45.863977334242854
13.690579189957143,45.8857504586
13.690579189957143,45.90752358295714
13.690579189957143,45.929296707314286
13.690579189957143,45.951069831671425
13.690579189957143,45.97284295602857
13.690579189957143,45.99461608038571
13.690579189957143,46.01638920474286
13.690579189957143,46.0381623291
13.690579189957143,46.05993545345714
13.690579189957143,46.08170857781428
13.690579189957143,46.10348170217143
13.690579189957143,46.12525482652857
13.690579189957143,46.147027950885715
13.690579189957143,46.168801075242854
13.690579189957143,46.1905741996
13.690579189957143,46.21234732395714
13.690579189957143,46.234120448314286
13.690579189957143,46.255893572671425
13.690579189957143,46.27766669702857
13.690579189957143,46.29943982138571
13.690579189957143,46.32121294574286
13.690579189957143,46.3429860701
13.690579189957143,46.36475919445714
13.690579189957143,46.38653231881428
13.690579189957143,46.40830544317143
13.690579189957143,46.43007856752857
13.690579189957143,46.451851691885715
13.690579189957143,46.473624816242854
13.690579189957143,46.4953979406
13.690579189957143,46.51717106495714
13.690579189957143,46.538944189314286
13.690579189957143,46.560717313671425
13.690579189957143,46.58249043802857
13.690579189957143,46.60426356238571
13.690579189957143,46.62603668674285
13.690579189957143,46.6478098111
13.723189748063264,45.5809267176
13.723189748063264,45.60269984195714
13.723189748063264,45.624472966314286
13.723189748063264,45.646246090671426
13.723189748063264,45.66801921502857
13.723189748063264,45.68979233938571
13.723189748063264,45.71156546374286
13.723189748063264,45.7333385881
13.723189748063264,45.75511171245714
13.723189748063264,45.77688483681428
13.723189748063264,45.79865796117143
13.723189748063264,45.82043108552857
13.723189748063264,45.842204209885715
13.723189748063264,45.863977334242854
13.723189748063264,45.8857504586
13.723189748063264,45.90752358295714
13.723189748063264,45.929296707314286
13.723189748063264,45.951069831671425
13.723189748063264,45.97284295602857
13.723189748063264,45.99461608038571
13.723189748063264,46.01638920474286
13.723189748063264,46.0381623291
13.723189748063264,46.05993545345714
13.723189748063264,46.08170857781428
13.723189748063264,46.10348170217143
13.723189748063264,46.12525482652857
13.723189748063264,46.147027950885715
13.723189748063264,46.168801075242854
13.723189748063264,46.1905741996
13.723189748063264,46.21234732395714
13.723189748063264,46.234120448314286
13.723189748063264,46.255893572671425
13.723189748063264,46.27766669702857
13.723189748063264,46.29943982138571
13.723189748063264,46.32121294574286
13.723189748063264,46.3429860701
13.723189748063264,46.36475919445714
13.723189748063264,46.38653231881428
13.723189748063264,46.40830544317143
13.723189748063264,46.43007856752857
13.723189748063264,46.451851691885715
13.723189748063264,46.473624816242854
13.723189748063264,46.4953979406
13.723189748063264,46.51717106495714
13.723189748063264,46.538944189314286
13.723189748063264,46.560717313671425
13.723189748063264,46.58249043802857
13.723189748063264,46.60426356238571
13.723189748063264,46.62603668674285
13.723189748063264,46.6478098111
13.755800306169387,45.5809267176
13.755800306169387,45.60269984195714
13.755800306169387,45.624472966314286
13.755800306169387,45.646246090671426
13.755800306169387,45.66801921502857
13.755800306169387,45.68979233938571
13.755800306169387,45.71156546374286
13.755800306169387,45.7333385881
13.755800306169387,45.75511171245714
13.755800306169387,45.77688483681428
13.755800306169387,45.79865796117143
13.755800306169387,45.82043108552857
13.755800306169387,45.842204209885715
13.755800306169387,45.863977334242854
13.755800306169387,45.8857504586
13.755800306169387,45.90752358295714
13.755800306169387,45.929296707314286
13.755800306169387,45.951069831671425
13.755800306169387,45.97284295602857
13.755800306169387,45.99461608038571
13.755800306169387,46.01638920474286
13.755800306169387,46.0381623291
13.755800306169387,46.05993545345714
13.755800306169387,46.08170857781428
13.755800306169387,46.10348170217143
13.755800306169387,46.12525482652857
13.755800306169387,46.147027950885715
13.755800306169387,46.168801075242854
13.755800306169387,46.1905741996
13.755800306169387,46.21234732395714
13.755800306169387,46.234120448314286
13.755800306169387,46.255893572671425
13.755800306169387,46.27766669702857
13.755800306169387,46.29943982138571
13.755800306169387,46.32121294574286
13.755800306169387,46.3429860701
13.755800306169387,46.36475919445714
13.755800306169387,46.38653231881428
13.755800306169387,46.40830544317143
13.755800306169387,46.43007856752857
13.755800306169387,46.451851691885715
13.755800306169387,46.473624816242854
13.755800306169387,46.4953979406
13.755800306169387,46.51717106495714
13.755800306169387,46.538944189314286
13.755800306169387,46.560717313671425
13.755800306169387,46.58249043802857
13.755800306169387,46.60426356238571
13.755800306169387,46.62603668674285
13.755800306169387,46.6478098111
13.78841086427551,45.5809267176
13.78841086427551,45.60269984195714
13.78841086427551,45.624472966314286
13.78841086427551,45.646246090671426
13.78841086427551,45.66801921502857
13.78841086427551,45.68979233938571
13.78841086427551,45.71156546374286
13.78841086427551,45.7333385881
13.78841086427551,45.75511171245714
13.78841086427551,45.77688483681428
13.78841086427551,45.79865796117143
13.78841086427551,45.82043108552857
13.78841086427551,45.842204209885715
13.78841086427551,45.863977334242854
13.78841086427551,45.8857504586
13.78841086427551,45.90752358295714
13.78841086427551,45.929296707314286
13.78841086427551,45.951069831671425
13.78841086427551,45.97284295602857
13.78841086427551,45.99461608038571
13.78841086427551,46.01638920474286
13.78841086427551,46.0381623291
13.78841086427551,46.05993545345714
13.78841086427551,46.08170857781428
13.78841086427551,46.10348170217143
13.78841086427551,46.12525482652857
13.78841086427551,46.147027950885715
13.78841086427551,46.168801075242854
13.78841086427551,46.1905741996
13.78841086427551,46.21234732395714
13.78841086427551,46.234120448314286
13.78841086427551,46.255893572671425
13.78841086427551,46.27766669702857
13.78841086427551,46.29943982138571
13.78841086427551,46.32121294574286
13.78841086427551,46.3429860701
13.78841086427551,46.36475919445714
13.78841086427551,46.38653231881428
13.78841086427551,46.40830544317143
13.78841086427551,46.43007856752857
13.78841086427551,46.451851691885715
13.78841086427551,46.473624816242854
13.78841086427551,46.4953979406
13.78841086427551,46.51717106495714
13.78841086427551,46.538944189314286
13.78841086427551,46.560717313671425
13.78841086427551,46.58249043802857
13.78841086427551,46.60426356238571
13.78841086427551,46.62603668674285
13.78841086427551,46.6478098111
13.821021422381632,45.5809267176
13.821021422381632,45.60269984195714
13.821021422381632,45.624472966314286
13.821021422381632,45.646246090671426
13.821021422381632,45.66801921502857
13.821021422381632,45.68979233938571
13.821021422381632,45.71156546374286
13.821021422381632,45.7333385881
13.821021422381632,45.75511171245714
13.821021422381632,45.77688483681428
13.821021422381632,45.79865796117143
13.821021422381632,45.82043108552857
13.821021422381632,45.842204209885715
13.821021422381632,45.863977334242854
13.821021422381632,45.8857504586
13.821021422381632,45.90752358295714
13.821021422381632,45.929296707314286
13.821021422381632,45.951069831671425
13.821021422381632,45.97284295602857
13.821021422381632,45.99461608038571
13.821021422381632,46.01638920474286
13.821021422381632,46.0381623291
13.821021422381632,46.05993545345714
13.821021422381632,46.08170857781428
13.821021422381632,46.10348170217143
13.821021422381632,46.12525482652857
13.821021422381632,46.147027950885715
13.821021422381632,46.168801075242854
13.821021422381632,46.1905741996
13.821021422381632,46.21234732395714
13.821021422381632,46.234120448314286
13.821021422381632,46.255893572671425
13.821021422381632,46.27766669702857
13.821021422381632,46.29943982138571
13.821021422381632,46.32121294574286
13.821021422381632,46.3429860701
13.821021422381632,46.36475919445714
13.821021422381632,46.38653231881428
13.821021422381632,46.40830544317143
13.821021422381632,46.43007856752857
13.821021422381632,46.451851691885715
13.821021422381632,46.473624816242854
13.821021422381632,46.4953979406
13.821021422381632,46.51717106495714
13.821021422381632,46.538944189314286
13.821021422381632,46.560717313671425
13.821021422381632,46.58249043802857
13.821021422381632,46.60426356238571
13.821021422381632,46.62603668674285
13.821021422381632,46.6478098111
13.853631980487755,45.5809267176
13.853631980487755,45.60269984195714
13.853631980487755,45.624472966314286
13.853631980487755,45.646246090671426
13.853631980487755,45.66801921502857
13.853631980487755,45.68979233938571
13.853631980487755,45.71156546374286
13.853631980487755,45.7333385881
13.853631980487755,45.75511171245714
13.853631980487755,45.77688483681428
13.853631980487755,45.79865796117143
13.853631980487755,45.82043108552857
13.853631980487755,45.842204209885715
13.853631980487755,45.863977334242854
13.853631980487755,45.8857504586
13.853631980487755,45.90752358295714
13.853631980487755,45.929296707314286
13.853631980487755,45.951069831671425
13.853631980487755,45.97284295602857
13.853631980487755,45.99461608038571
13.853631980487755,46.01638920474286
13.853631980487755,46.0381623291
13.853631980487755,46.05993545345714
13.853631980487755,46.08170857781428
13.853631980487755,46.10348170217143
13.853631980487755,46.12525482652857
13.853631980487755,46.147027950885715
13.853631980487755,46.168801075242854
13.853631980487755,46.1905741996
13.853631980487755,46.21234732395714
13.853631980487755,46.234120448314286
13.853631980487755,46.255893572671425
13.853631980487755,46.27766669702857
13.853631980487755,46.29943982138571
13.853631980487755,46.32121294574286
13.853631980487755,46.3429860701
13.853631980487755,46.36475919445714
13.853631980487755,46.38653231881428
13.853631980487755,46.40830544317143
13.853631980487755,46.43007856752857
13.853631980487755,46.451851691885715
13.853631980487755,46.473624816242854
13.853631980487755,46.4953979406
13.853631980487755,46.51717106495714
13.853631980487755,46.538944189314286
13.853631980487755,46.560717313671425
13.853631980487755,46.58249043802857
13.853631980487755,46.60426356238571
13.853631980487755,46.62603668674285
13.853631980487755,46.6478098111
13.886242538593876,45.5809267176
13.886242538593876,45.60269984195714
13.886242538593876,45.624472966314286
13.886242538593876,45.646246090671426
13.886242538593876,45.66801921502857
13.886242538593876,45.68979233938571
13.886242538593876,45.71156546374286
13.886242538593876,45.7333385881
13.886242538593876,45.75511171245714
13.886242538593876,45.77688483681428
13.886242538593876,45.79865796117143
13.886242538593876,45.82043108552857
13.886242538593876,45.842204209885715
13.886242538593876,45.863977334242854
13.886242538593876,45.8857504586
13.886242538593876,45.90752358295714
13.886242538593876,45.929296707314286
13.886242538593876,45.951069831671425
13.886242538593876,45.97284295602857
13.886242538593876,45.99461608038571
13.886242538593876,46.01638920474286
13.886242538593876,46.0381623291
13.886242538593876,46.05993545345714
13.886242538593876,46.08170857781428
13.886242538593876,46.10348170217143
13.886242538593876,46.12525482652857
13.886242538593876,46.147027950885715
13.886242538593876,46.168801075242854
13.886242538593876,46.1905741996
13.886242538593876,46.21234732395714
13.886242538593876,46.234120448314286
13.886242538593876,46.255893572671425
13.886242538593876,46.27766669702857
13.886242538593876,46.29943982138571
13.886242538593876,46.32121294574286
13.886242538593876,46.3429860701
13.886242538593876,46.36475919445714
13.886242538593876,46.38653231881428
13.886242538593876,46.40830544317143
13.886242538593876,46.43007856752857
13.886242538593876,46.451851691885715
13.886242538593876,46.473624816242854
13.886242538593876,46.4953979406
13.886242538593876,46.51717106495714
13.886242538593876,46.538944189314286
13.886242538593876,46.560717313671425
13.886242538593876,46.58249043802857
13.886242538593876,46.60426356238571
13.886242538593876,46.62603668674285
13.886242538593876,46.6478098111
13.9188530967,45.5809267176
13.9188530967,45.60269984195714
13.9188530967,45.624472966314286
13.9188530967,45.646246090671426
13.9188530967,45.66801921502857
13.9188530967,45.68979233938571
13.9188530967,45.71156546374286
13.9188530967,45.7333385881
13.9188530967,45.75511171245714
13.9188530967,45.77688483681428
13.9188530967,45.79865796117143
13.9188530967,45.82043108552857
13.9188530967,45.842204209885715
13.9188530967,45.863977334242854
13.9188530967,45.8857504586
13.9188530967,45.90752358295714
13.9188530967,45.929296707314286
13.9188530967,45.951069831671425
13.9188530967,45.97284295602857
13.9188530967,45.99461608038571
13.9188530967,46.01638920474286
13.9188530967,46.0381623291
13.9188530967,46.05993545345714
13.9188530967,46.08170857781428
13.9188530967,46.10348170217143
13.9188530967,46.12525482652857
13.9188530967,46.147027950885715
13.9188530967,46.168801075242854
13.9188530967,46.1905741996
13.9188530967,46.21234732395714
13.9188530967,46.234120448314286
13.9188530967,46.255893572671425
13.9188530967,46.27766669702857
13.9188530967,46.29943982138571
13.9188530967,46.32121294574286
13.9188530967,46.3429860701
13.9188530967,46.36475919445714
13.9188530967,46.38653231881428
13.9188530967,46.40830544317143
13.9188530967,46.43007856752857
13.9188530967,46.451851691885715
13.9188530967,46.473624816242854
13.9188530967,46.4953979406
13.9188530967,46.51717106495714
13.9188530967,46.538944189314286
13.9188530967,46.560717313671425
13.9188530967,46.58249043802857
13.9188530967,46.60426356238571
13.9188530967,46.62603668674285
13.9188530967,46.6478098111
